Glasses,
Matte Black Full Rim Rectangle,https://static5.lenskart.com/media/catalog/product/pro/1/thumbnail/480x480/9df78eab33525d08d6e5fb8d27136e95//l/e/lenskart-air-la-e13776-c1-eyeglasses_eyeglasses_g_5348_1_Image_PLA.jpg
 Blue Transparent Gunmetal Full Rim Cat Eye,https://static5.lenskart.com/media/catalog/product/pro/1/thumbnail/480x480/9df78eab33525d08d6e5fb8d27136e95//l/e/lenskart-air-la-e14100-c3-c3-eyeglasses_G_7621.jpg
Transparent Full Rim Round,https://static5.lenskart.com/media/catalog/product/pro/1/thumbnail/480x480/9df78eab33525d08d6e5fb8d27136e95//l/i/transparent-full-rim-round-lenskart-air-classic-la-e15018-c3-eyeglasses_g_8625_09_09_2022.jpg
Blue Block Screen Glasses: Blue Pink Brown Full Rim Wayfarer,https://static5.lenskart.com/media/catalog/product/pro/1/thumbnail/480x480/9df78eab33525d08d6e5fb8d27136e95//l/i/blue-block-phone-&-computer-glasses:-black-full-rim-wayfarer-lenskart-blu-lb-e14058-c8_g_1795_7_20_22.jpg
Brown Tortoise Transparent Gold Brown Full Rim Cat Eye,https://static5.lenskart.com/media/catalog/product/pro/1/thumbnail/480x480/9df78eab33525d08d6e5fb8d27136e95//l/e/lenskart-air-la-e14198-c3-eyeglasses_lenskart-air-la-e14198-c3-eyeglasses_G_0731.jpg
 Blue Transparent Full Rim Round Lenskart Air Flex LA,https://static5.lenskart.com/media/catalog/product/pro/1/thumbnail/480x480/9df78eab33525d08d6e5fb8d27136e95//l/i/blue-transparent-full-rim-round-lenskart-air-classic-la-e14532-c2-eyeglasses_g_9420.jpg
Eyeglasses Giorgio Armani AR 7213 5001 BlackVisit,https://eyewearium.com/image/cache/cmsimageIhsigS-800x800.jpg
"Sunglasses Images â€“ Browse 2,451,335 Stock Photos",https://t4.ftcdn.net/jpg/01/87/04/71/360_F_187047193_dxNXJyc8Mm4z6g6ud8PgbX29zy0FUwYy.jpg
Sunglasses,https://images.pexels.com/photos/46710/pexels-photo-46710.jpeg?cs=srgb&dl=pexels-nitin-dhumal-46710.jpg&fm=jpg
Leisure+Travel,https://encrypted-tbn0.gstatic.com/images?q=tbn:ANd9GcTCWkASEEhcogNmoqND4fn2mHpEv5D15pZALQ&usqp=CAU
Dolce & Gabbana Dg 5071 3303 Womens Phantos Eyeglasses,https://target.scene7.com/is/image/Target/GUEST_f0eba46b-9102-49d0-b31f-3b990a5df7eb?wid=488&hei=488&fmt=pjpeg
Perry Street Sunglasses,https://encrypted-tbn0.gstatic.com/images?q=tbn:ANd9GcQzsHfjT2PhhWK2W1O3MZvxy9Ow6No21PhtJA&usqp=CAU
Yellow Gunmetal Full Rim Square,https://static5.lenskart.com/media/catalog/product/pro/1/thumbnail/480x480/9df78eab33525d08d6e5fb8d27136e95//l/i/lenskart-lk-e15184-c2-eyeglasses_g_4745_27_02_2023.jpg
Black Green Half Rim Round,https://static5.lenskart.com/media/catalog/product/pro/1/thumbnail/480x480/9df78eab33525d08d6e5fb8d27136e95//l/i/lenskart-air-la-e14872-c3-eyeglasses_g_3065_21_10_2022.jpg
 Blue Full Rim Square,https://static5.lenskart.com/media/catalog/product/pro/1/thumbnail/480x480/9df78eab33525d08d6e5fb8d27136e95//l/e/lenskart-air-la-e13033-c2-eyeglasses_eyeglasses_g_3588_1_Image_PLA.jpg
AVIATOR 8004,https://ainak.pk/wp-content/uploads/2021/01/8004-Brown-2.jpg
Grey Green Transparent Gunmetal Green Full Rim Round,https://static5.lenskart.com/media/catalog/product/pro/1/thumbnail/480x480/9df78eab33525d08d6e5fb8d27136e95//l/i/grey-green-transparent-gunmetal-green-full-rim-round-lenskart-air-signia-la-e14960-c1-eyeglasses_g_3120_06_oct22.jpg
WALAKA Sunglasses,https://encrypted-tbn0.gstatic.com/images?q=tbn:ANd9GcTxTY0Gk7NMRm6r-IFQu9qnwCrMxiXApeaG8g&usqp=CAU
Retro Oval 48mm Eyeglass Frames Full Rim,https://i.ebayimg.com/images/g/gTgAAOSwmWdenDMr/s-l1200.jpg
Blue Block Screen Glasses: Gunmetal Transparent Full Rim,https://static5.lenskart.com/media/catalog/product/pro/1/thumbnail/480x480/9df78eab33525d08d6e5fb8d27136e95//l/i/lenskart-blu-lb-e14522-c1-eyeglasses_g_0761_20_04_2022.jpg
,
Sky Blue Orange Full Rim Rectangle,https://static5.lenskart.com/media/catalog/product/pro/1/thumbnail/480x480/9df78eab33525d08d6e5fb8d27136e95//l/i/Sky-Blue-Orange-Full-Rim-Rectangle-Lenskart-Air-Silicon-LA-E14366-C2-Eyeglasses_lenskart-air-la-e14366-c2-eyeglasses_G_928307_02_2022.jpg
Black Transparent Yellow Full Rim Square,https://static5.lenskart.com/media/catalog/product/pro/1/thumbnail/480x480/9df78eab33525d08d6e5fb8d27136e95//l/i/lenskart-air-la-e15324-c3-eyeglasses_g_4243_24_02_2023.jpg
,
 Blu Silver Round Computer Glasses ,"https://adn-static1.nykaa.com/nykdesignstudio-images/pub/media/catalog/product/4/1/tr:w-270,/41842d1149171_1.jpg?rnd=20200526195200"
Blu Peyush Bansal Shark Tank Sand Dune Full Rim,"https://images-static.nykaa.com/media/catalog/product/9/0/9075d0e207491_1.jpg?tr=w-500,pr-true"